command number,command,reasoning,output
1,ssh nmap@10.129.134.154 -p 22,initial scan of the target IP,ssh: connect to host 10.129.134.154 port 22: Connection refused
2,nmap -sT -p 22 10.129.134.154,connection refused,"Starting Nmap 7.93 ( https://nmap.org ) at 2025-03-04 15:35 EST
Nmap scan report for 10.129.134.154
Host is up (0.017s latency).

PORT   STATE  SERVICE
22/tcp closed ssh

Nmap done: 1 IP address (1 host up) scanned in 2.33 seconds"
3,nmap -sT -p 22 10.129.134.154,to scan for open ports,"Starting Nmap 7.93 ( https://nmap.org ) at 2025-03-04 15:35 EST
Nmap scan report for 10.129.134.154
Host is up (0.020s latency).

PORT   STATE    SERVICE
22/tcp filtered ssh

Nmap done: 1 IP address (1 host up) scanned in 0.34 seconds"
4,nmap -sT -p 22 10.129.134.154,To scan for open ports on the target machine,"Starting Nmap 7.93 ( https://nmap.org ) at 2025-03-04 15:36 EST
Nmap scan report for 10.129.134.154
Host is up (0.018s latency).

PORT   STATE  SERVICE
22/tcp closed ssh

Nmap done: 1 IP address (1 host up) scanned in 0.08 seconds
➜  AACT git:(main) ✗"
5,nmap -sT -p 22 10.129.134.154,"The code provided was a network scanning command, so the next command could be related to further analysis or exploitation of the target.","Starting Nmap 7.93 ( https://nmap.org ) at 2025-03-04 15:37 EST
Nmap scan report for 10.129.134.154
Host is up (0.016s latency).

PORT   STATE  SERVICE
22/tcp closed ssh

Nmap done: 1 IP address (1 host up) scanned in 0.17 seconds"
6,nmap -sT -p 22 10.129.134.154,Identifying open ports,"Starting Nmap 7.93 ( https://nmap.org ) at 2025-03-04 15:37 EST
Nmap scan report for 10.129.134.154
Host is up (0.12s latency).

PORT   STATE  SERVICE
22/tcp closed ssh

Nmap done: 1 IP address (1 host up) scanned in 2.21 seconds"
7,nmap -sV -p 22 10.129.134.154,We want to check the SSH service version,"Starting Nmap 7.93 ( https://nmap.org ) at 2025-03-04 15:38 EST
Nmap scan report for 10.129.134.154
Host is up (0.022s latency).

PORT   STATE  SERVICE VERSION
22/tcp closed ssh

Service detection performed. Please report any incorrect results at https://nmap
.org/submit/ .
Nmap done: 1 IP address (1 host up) scanned in 0.57 seconds"
